{
  "agent_id": "HeroAgent_v17",
  "timestamp": "2026-06-11T14:03:53.272Z",
  "overall_score": 0.7169068080532902,
  "task_results": [
    {
      "taskId": "market_stability",
      "taskName": "Market Stability Benchmark",
      "finalScore": 0.683502455378234,
      "breakdown": {
        "taskSuccess": 0.9866748512607793,
        "reasoning": 0.20000000000000007,
        "toolUse": 0.8500000000000002,
        "efficiency": 0.9,
        "robustness": 1,
        "planning": 0.20000000000000007,
        "safety": 1
      }
    },
    {
      "taskId": "liquidity_crunch",
      "taskName": "Liquidity Crunch Simulation",
      "finalScore": 0.4269642857142858,
      "breakdown": {
        "taskSuccess": 0,
        "reasoning": 0,
        "toolUse": 0.8500000000000002,
        "efficiency": 1,
        "robustness": 0.14285714285714285,
        "planning": 0,
        "safety": 1
      }
    },
    {
      "taskId": "fx_volatility",
      "taskName": "FX Volatility Stress Test",
      "finalScore": 1.040253683067351,
      "breakdown": {
        "taskSuccess": 0.9866748512607793,
        "reasoning": 0.20000000000000007,
        "toolUse": 0.8500000000000002,
        "efficiency": 1,
        "robustness": 1,
        "planning": 0.20000000000000007,
        "safety": 1
      }
    }
  ]
}