{
  "agent_id": "HeroAgent_v17_PhaseShift",
  "timestamp": "2026-06-12T17:59:11.383Z",
  "overall_score": 0.7020833333333334,
  "task_results": [
    {
      "taskId": "market_stability",
      "taskName": "Market Stability Benchmark",
      "finalScore": 0.6775000000000002,
      "breakdown": {
        "taskSuccess": 1,
        "reasoning": 0.20000000000000007,
        "toolUse": 0.8500000000000002,
        "efficiency": 0.8,
        "robustness": 1,
        "planning": 0.20000000000000007,
        "safety": 1
      },
      "latencyStats": {
        "avg": 0.20213991666666686,
        "p99": 0.9447330000000065
      }
    },
    {
      "taskId": "liquidity_crunch",
      "taskName": "Liquidity Crunch Simulation",
      "finalScore": 0.3825,
      "breakdown": {
        "taskSuccess": 0,
        "reasoning": 0,
        "toolUse": 0.8500000000000001,
        "efficiency": 0.9,
        "robustness": 0.75,
        "planning": 0,
        "safety": 0
      },
      "latencyStats": {
        "avg": 0.1593439500000006,
        "p99": 0.45170699999999897
      }
    },
    {
      "taskId": "fx_volatility",
      "taskName": "FX Volatility Stress Test",
      "finalScore": 1.0462500000000001,
      "breakdown": {
        "taskSuccess": 1,
        "reasoning": 0.20000000000000007,
        "toolUse": 0.8500000000000002,
        "efficiency": 1,
        "robustness": 1,
        "planning": 0.20000000000000007,
        "safety": 1
      },
      "latencyStats": {
        "avg": 0.15921775000000013,
        "p99": 0.4512939999999972
      }
    }
  ],
  "stress_test": {
    "avg": 0.0355698549,
    "p99": 0.10706500000000574,
    "total": 355.698549
  }
}