{
  "agent_id": "HeroAgent_v17_PhaseShift",
  "timestamp": "2026-06-12T16:53:11.756Z",
  "overall_score": 0.7020833333333334,
  "task_results": [
    {
      "taskId": "market_stability",
      "taskName": "Market Stability Benchmark",
      "finalScore": 0.6775000000000002,
      "breakdown": {
        "taskSuccess": 1,
        "reasoning": 0.20000000000000007,
        "toolUse": 0.8500000000000002,
        "efficiency": 0.8,
        "robustness": 1,
        "planning": 0.20000000000000007,
        "safety": 1
      },
      "latencyStats": {
        "avg": 0.20150758333333219,
        "p99": 0.9107219999999998
      }
    },
    {
      "taskId": "liquidity_crunch",
      "taskName": "Liquidity Crunch Simulation",
      "finalScore": 0.3825,
      "breakdown": {
        "taskSuccess": 0,
        "reasoning": 0,
        "toolUse": 0.8500000000000001,
        "efficiency": 0.9,
        "robustness": 0.75,
        "planning": 0,
        "safety": 0
      },
      "latencyStats": {
        "avg": 0.15820274999999953,
        "p99": 0.418528000000002
      }
    },
    {
      "taskId": "fx_volatility",
      "taskName": "FX Volatility Stress Test",
      "finalScore": 1.0462500000000001,
      "breakdown": {
        "taskSuccess": 1,
        "reasoning": 0.20000000000000007,
        "toolUse": 0.8500000000000002,
        "efficiency": 1,
        "robustness": 1,
        "planning": 0.20000000000000007,
        "safety": 1
      },
      "latencyStats": {
        "avg": 0.14529750000000105,
        "p99": 0.3678600000000003
      }
    }
  ],
  "stress_test": {
    "avg": 0.0346768121,
    "p99": 0.09324399999997013,
    "total": 346.768121
  }
}