{
  "agent_id": "HeroAgent_v17_PhaseShift",
  "timestamp": "2026-06-11T23:12:19.266Z",
  "overall_score": 0.6787500000000003,
  "task_results": [
    {
      "taskId": "market_stability",
      "taskName": "Market Stability Benchmark",
      "finalScore": 0.6375000000000002,
      "breakdown": {
        "taskSuccess": 1,
        "reasoning": 0.20000000000000007,
        "toolUse": 0.8500000000000002,
        "efficiency": 0.4,
        "robustness": 1,
        "planning": 0.20000000000000007,
        "safety": 1
      },
      "latencyStats": {
        "avg": 0.21958237500000077,
        "p99": 1.0338470000000015
      }
    },
    {
      "taskId": "liquidity_crunch",
      "taskName": "Liquidity Crunch Simulation",
      "finalScore": 0.36750000000000005,
      "breakdown": {
        "taskSuccess": 0,
        "reasoning": 0,
        "toolUse": 0.8500000000000001,
        "efficiency": 0.8,
        "robustness": 0.75,
        "planning": 0,
        "safety": 0
      },
      "latencyStats": {
        "avg": 0.17505839999999964,
        "p99": 0.5311669999999964
      }
    },
    {
      "taskId": "fx_volatility",
      "taskName": "FX Volatility Stress Test",
      "finalScore": 1.0312500000000002,
      "breakdown": {
        "taskSuccess": 1,
        "reasoning": 0.20000000000000007,
        "toolUse": 0.8500000000000002,
        "efficiency": 0.9,
        "robustness": 1,
        "planning": 0.20000000000000007,
        "safety": 1
      },
      "latencyStats": {
        "avg": 0.15495825000000116,
        "p99": 0.5039310000000015
      }
    }
  ],
  "stress_test": {
    "avg": 0.0412860488,
    "p99": 0.16520099999996773,
    "total": 412.86048800000003
  }
}