{
  "agent_id": "HeroAgent_v17_PhaseShift",
  "timestamp": "2026-06-11T21:06:40.142Z",
  "overall_score": 0.6970833333333335,
  "task_results": [
    {
      "taskId": "market_stability",
      "taskName": "Market Stability Benchmark",
      "finalScore": 0.6775000000000002,
      "breakdown": {
        "taskSuccess": 1,
        "reasoning": 0.20000000000000007,
        "toolUse": 0.8500000000000002,
        "efficiency": 0.8,
        "robustness": 1,
        "planning": 0.20000000000000007,
        "safety": 1
      },
      "latencyStats": {
        "avg": 0.20863829166666648,
        "p99": 0.9691819999999964
      }
    },
    {
      "taskId": "liquidity_crunch",
      "taskName": "Liquidity Crunch Simulation",
      "finalScore": 0.36750000000000005,
      "breakdown": {
        "taskSuccess": 0,
        "reasoning": 0,
        "toolUse": 0.8500000000000001,
        "efficiency": 0.8,
        "robustness": 0.75,
        "planning": 0,
        "safety": 0
      },
      "latencyStats": {
        "avg": 0.17005255000000014,
        "p99": 0.5138180000000006
      }
    },
    {
      "taskId": "fx_volatility",
      "taskName": "FX Volatility Stress Test",
      "finalScore": 1.0462500000000001,
      "breakdown": {
        "taskSuccess": 1,
        "reasoning": 0.20000000000000007,
        "toolUse": 0.8500000000000002,
        "efficiency": 1,
        "robustness": 1,
        "planning": 0.20000000000000007,
        "safety": 1
      },
      "latencyStats": {
        "avg": 0.15274362499999997,
        "p99": 0.42738400000000354
      }
    }
  ],
  "stress_test": {
    "avg": 0.0325906632,
    "p99": 0.11554399999999987,
    "total": 325.906632
  }
}